nome;estoqueAtual;gtin;valorCusto;valorVenda;unidade;codigoNCM
ACAI NO PALITO ;20;151;2,75;4;UN (UNIDADE);02102000
ACUCAR DEMERARA;2,328;326;7,3;13.99;KG (QUILO);02102000
ACUCAR MASCAVO ;1,37;110;6,6;15,99;KG (QUILO);02102000
AGUA SEM GAS ;0;7898386200083;0,89;1,99;UN (UNIDADE);02102000
AGUARDENTE ALEMA EM GARRAFA ;2;14990;2,5;9,99;UN (UNIDADE);02102000
ALFINIM DO CEAR�;4;7890483574043;4,5;8,99;UN (UNIDADE);02102000
ALHO C/ PIMENTA;5;7898618748611;13,8;19,99;UN (UNIDADE);02102000
ALHO PICADO ;0;7896118718509;2,5;3,99;UN (UNIDADE);02102000
ALHO SAND 100G;9;7896118718288;3,4;4,99;UN (UNIDADE);02102000
ALHO SAND 200G;7;7896118718394;7;9,99;UN (UNIDADE);02102000
AMANTEIGADO DE COCO MANU;0;751320952479;6;8,99;UN (UNIDADE);02102000
AMANTEIGADO DE LEITE CONDENSADO TATA BISCOITOS;0;7893595129705;6;8,99;UN (UNIDADE);02102000
AMANTEIGADO DE LIMAO MANU;0;619205397251;5,5;8,99;UN (UNIDADE);02102000
AMANTEIGADO DE NATA MANU;0;751320952509;6;8,99;UN (UNIDADE);02102000
AMBROSIA ;0;7898158941114;15;22,99;UN (UNIDADE);02102000
AMBROSIA DELICASSIS 400G;2;7898706370601;18,84;23,99;UN (UNIDADE);02102000
AMEIXA SEM CARO�O ;1,786;119;31,2;49,99;KG (QUILO);02102000
AMENDOIM CARAMELADO COM COCO ;12;7890281038105;4,33;6,99;UN (UNIDADE);02102000
AMENDOIM CARAMELADO COM GERGELIM;1;7890281038006;4,33;6,99;UN (UNIDADE);02102000
AMENDOIM CAVALO;3,234;53;6,6;15,99;KG (QUILO);02102000
AMENDOIM DOCE;1,092;338;17;29,99;KG (QUILO);02102000
AMENDOIM OVINHO ;0,212;339;17;29,99;KG (QUILO);02102000
AMENDOIM PICANTE;0,546;340;16;29,99;KG (QUILO);02102000
AMENDOIM SALSA E CEBOLA ;1;342;16;29,99;KG (QUILO);02102000
AMENDOIM TORRADO C/SAL ;3,458;55;8;16,99;KG (QUILO);02102000
AMENDOIM TORRADO COM CASCA ;0;33;10,77;16,99;KG (QUILO);02102000
AMENDOIM TORRADO S/ SAL ;2,506;54;8;16,99;KG (QUILO);02102000
AMENDOIM VERMELHO;2,078;52;24;34,99;KG (QUILO);02102000
ANIS ESTRELADO;5;442;1,66;2,7;UN (UNIDADE);02102000
ANTI GRIPAL XAROPE ;2;89835;7;9,99;UN (UNIDADE);02102000
ANTIGRIPAL FARAMEL ;6;7896521462563;5;9,99;UN (UNIDADE);02102000
AVEIA EM  FLOCOS;9,928;61;5,12;19,99;KG (QUILO);02102000
AZEITE CAROLINA REAPER;2;7898618748635;9,5;15,99;UN (UNIDADE);02102000
AZEITE DE DENDE ;4;7898994479116;4,25;7,99;UN (UNIDADE);02102000
AZEITE DE DENDE 500ML;3;7898994479123;8;15,99;UN (UNIDADE);02102000
AZEITE DE DENDE 960ML;0;7898903301156;17;23,99;UN (UNIDADE);02102000
AZEITE DE DENDE KIDENDE ;0;7898903301255;4;7,99;UN (UNIDADE);02102000
BACALHAU DA NORUEGA ;0;820;62,5;89,99;KG (QUILO);02102000
BACON SADIA ;3,78;68;26,89;38,99;KG (QUILO);02102000
BALA DE GOMA ;0;139;13,5;29,99;KG (QUILO);02102000
BANANADA ;0;7898904642609;9,35;13,99;UN (UNIDADE);02102000
BANANADA ;0;7897977909954;5,85;10,99;UN (UNIDADE);02102000
BANANADA  NATURAL YES;1;7898969909020;8,5;13,99;UN (UNIDADE);02102000
BANANADA C/ UVAS PASSAS YES;0;7898969909082;8,5;13,99;UN (UNIDADE);02102000
BANANADA C/AMEIXA YES;0;7898969909112;8,5;13,99;UN (UNIDADE);02102000
BANANADA COM AMEIXA ;1;7898904642616;9,35;13,99;UN (UNIDADE);02102000
BANANADA COM CUPUA�U;0;7898904642685;9,35;13,99;UN (UNIDADE);02102000
BANANADA CREMOSA ;0;7898963394013;0,85;1,49;UN (UNIDADE);02102000
BANANADA CRISTALIZADAS;1;7898229190120;8;11,99;UN (UNIDADE);02102000
BANANADA SEM ACUCAR ZELIA ;14;751320023421;9,28;13,99;UN (UNIDADE);02102000
BANANINHA TRADICIONAL OLIVEIRA ;21;7896202892160;1,65;2,49;UN (UNIDADE);02102000
BARBATIMAO EM CASCA;0,954;581;17;39,99;KG (QUILO);02102000
BARRA DE FRUTA AMEIXA;21;7891331002886;1,96;2,49;UN (UNIDADE);02102000
BEIJU TRADICIONAL;0;7895099216516;5,8;9,99;UN (UNIDADE);02102000
BEIJU TRADICIONAL;8;7732594257951;5,8;9,99;UN (UNIDADE);02102000
BELISCAO TATABISCOITOS ;0;7893595129934;6,6;8,99;UN (UNIDADE);02102000
BICARBONATO EM PO ;5,892;108;6;14,99;KG (QUILO);02102000
BIG LANCHE ;2;7890483574081;10,95;19,99;UN (UNIDADE);02102000
BISCOITO 7 CAPAS BOM CAFE SAL;6;7898671030036;6,4;9,99;UN (UNIDADE);02102000
BISCOITO 7 CAPAS XIQUE XIQUE ;0;736532118172;6;9,99;UN (UNIDADE);02102000
BISCOITO AGUA E SAL 3 MAIO;1;7898008913209;6,5;7,49;UN (UNIDADE);02102000
BISCOITO BOM CAFE;1;7898671030043;6,4;9,99;UN (UNIDADE);02102000
BISCOITO BROA DE COCO SAO BENEDITO;10;7897053100268;6,75;9,99;UN (UNIDADE);02102000
BISCOITO BROA DE MILHO SAO BENEDITO;4;7897053100084;6,75;9,99;UN (UNIDADE);02102000
BISCOITO DE ARROZ INTEGRAL DELICASSIS ;1;7896181712084;7,53;9,99;UN (UNIDADE);02102000
BISCOITO DE ARROZ SABOR DE CHURRASCO;0,642;847;47;64,99;KG (QUILO);02102000
BISCOITO DE ARROZ SABOR MOSTARDA C/MEL;0,06;848;47;64,99;KG (QUILO);02102000
BISCOITO DE POLVILHO KILO;1;66;55;79,99;KG (QUILO);02102000
BISCOITO DE POLVILHO PEQUENO ;13;851;4;5,49;UN (UNIDADE);02102000
BISCOITO DE POLVILHO SALGADO DELICASSIS;23;7898706370014;2,99;4,49;UN (UNIDADE);02102000
BISCOITO DOCE 3DE MAIO;1;7898008913216;6,4;9,99;UN (UNIDADE);02102000
BISCOITO DOCE COM GOIABADA;4;7898933117901;6,6;9,49;UN (UNIDADE);02102000
BISCOITO FOLHADO DE CANELA;0;7898933117116;6,5;9,99;UN (UNIDADE);02102000
BISCOITO FORTALEZA DOCE;0;7891152321296;7,95;9,99;UN (UNIDADE);02102000
BISCOITO GOIABINHA ;0;619205387344;5,5;8,99;UN (UNIDADE);02102000
BISCOITO KIGOMA BROA DE MILHO;3;7898933117840;6,6;9,99;UN (UNIDADE);02102000
BISCOITO MANU;0;751320952516;6;8,99;UN (UNIDADE);02102000
BISCOITO MANU C/ AMENDOIM;0;609963022717;5,5;8,99;UN (UNIDADE);02102000
BISCOITO MANU C/CHOCOLATE;0;751320952493;5,5;8,99;UN (UNIDADE);02102000
BISCOITO MANU C/DOCE DE LEITE ;0;040141284044;5,5;8,99;UN (UNIDADE);02102000
BISCOITO MINAS SUL BEIJO MINEIRO;0;7895896470531;8,75;11,99;UN (UNIDADE);02102000
BISCOITO OITO CAPAS KIGOMA ;0;7898933117161;6,6;9,99;UN (UNIDADE);02102000
BISCOITO PALITO MOREL 200G COM COCO ;0;7896809257935;5,35;6,99;UN (UNIDADE);02102000
BISCOITO PETYAN COCO;0;7896532700012;2,8;4,99;UN (UNIDADE);02102000
BISCOITO POLVILHO ;0;7898962702031;6,5;9,99;UN (UNIDADE);02102000
BISCOITO SEQUILHOS COCO ADBEEL;9;7899085683511;3,8;5,99;UN (UNIDADE);02102000
BISCOITO TATA ;2;7893595455576;7;9,99;UN (UNIDADE);02102000
BISCOITO TATA BELISCHAO ;1;7893595129682;6,6;8,99;UN (UNIDADE);02102000
BISCOITO TATA CASADINHO ;3;7893595129606;7;9,99;UN (UNIDADE);02102000
BISCOITO TATA FLORIZNHA;0;7893595129644;6,6;8,99;UN (UNIDADE);02102000
BISCOITO TATA NATA MACIA;0;7893595129521;6,8;8,99;UN (UNIDADE);02102000
BISCOITOS SABOR DE MINAS ;0;7896011102726;4,9;7,99;UN (UNIDADE);02102000
BOLACHA 7 CAPAS S. BENEDITO  200G;1;7897053100015;6,6;9,99;UN (UNIDADE);02102000
BOLACHA 7 CAPAS S.BENEDITO  300G;5;7897053100077;7,25;9,99;UN (UNIDADE);02102000
BOLACHA CAETES 7 CAPAS DOCE ;1;7898937695092;6,85;11,99;UN (UNIDADE);02102000
BOLACHA CAETES 7 CAPAS SALGADO;0;7898937695191;6,65;9,99;UN (UNIDADE);02102000
BOLACHA COQUINHO ;0;7896486202884;4,5;6,99;UN (UNIDADE);02102000
BOLACHA COQUINHO DA TERRINHA 250G;0;7898960982268;3,49;4,99;UN (UNIDADE);02102000
BOLACHA COQUINHO NORDESTE;0;618231589982;3,8;5,99;UN (UNIDADE);02102000
BOLACHA CREAM CRACKER FORTALEZA;0;7891152801446;7,95;9,99;UN (UNIDADE);02102000
BOLACHA DELICIA 250GR DA TERRINHA;0;7898960982299;3,57;4,99;UN (UNIDADE);02102000
BOLACHA DO NORTE 7 CAPAS URU�UQUENSE ;0;7899688255450;4,8;7,99;UN (UNIDADE);02102000
BOLACHA DO NORTE MANTEIGA DE GARRAFA;0;208614240847;5;7,99;UN (UNIDADE);02102000
BOLACHA FLOR DO VALE ;0;7896833800077;4,95;7,99;UN (UNIDADE);02102000
BOLACHA FORTALEZA ;0;7891152321302;7,95;9,99;UN (UNIDADE);02102000
BOLACHA MATA FOME;5;208614249895;6,5;9,99;UN (UNIDADE);02102000
BOLACHA MATA FOME MARILIMA;0;7898908635027;5,65;9,99;UN (UNIDADE);02102000
BOLACHA MINAS SUL BAMBOLE RECHEADO;1;7895896470548;8,75;11,99;UN (UNIDADE);02102000
BOLACHA MINAS SUL BANANINHA;1;7895896472092;8,75;11,99;UN (UNIDADE);02102000
BOLACHA MINAS SUL CASADINHO DE GOIABADA ;3;7895896470708;8,75;11,99;UN (UNIDADE);02102000
BOLACHA MINAS SUL CUBINHO ;0;7895896470722;8,75;11,99;UN (UNIDADE);02102000
BOLACHA MINAS SUL FLOCOS ;3;7895896470098;8,75;11,99;UN (UNIDADE);02102000
BOLACHA MINAS SUL LEITE CONDENSADO;1;7895896470555;8,75;11,99;UN (UNIDADE);02102000
BOLACHA MINAS SUL PALITO DE CHOCOLATE;0;7898241181069;8,33;11,99;UN (UNIDADE);02102000
BOLACHA MINAS SUL PAO DE MEL;0;7898241181052;8,33;11,99;UN (UNIDADE);02102000
BOLACHA MINAS SUL PRESTIGIO;0;7898241181120;8,33;11,99;UN (UNIDADE);02102000
BOLACHA MOREL C/COCO 500G;10;7896809257072;7;9,99;UN (UNIDADE);02102000
BOLACHA MOREL COM SAL 500G;15;7896809257065;7;9,99;UN (UNIDADE);02102000
BOLACHAO DE COCO KIGOMA;2;7898933117796;6,6;9,99;UN (UNIDADE);02102000
BOLACHAS DIVERSOS ;60,542;65;9,55;15,99;KG (QUILO);02102000
BOLACHINHA COM COCO MOREL;0;7896809256884;14;19,99;UN (UNIDADE);02102000
BOLACHINHA FOLHADA CANELA COM A�UCAR ADBEEL;1;7899085683597;4,95;6,99;UN (UNIDADE);02102000
BOLACHINHA SAL ADBEEL C/COCO;11;7899085683542;3,55;4,99;UN (UNIDADE);02102000
BOLACHINHA SAL ADBEEL C/SAL;0;7899085683535;3,55;4,99;UN (UNIDADE);02102000
BOLO DE MANDIOCA ;2;7898117492510;3,6;4,99;UN (UNIDADE);02102000
BOLO DE MANDIOCA DELICIAS DO NORTE ;0,064;138;10,75;19,99;KG (QUILO);02102000
BOMBA TERE;0;539;7;13,99;UN (UNIDADE);02102000
BROA DE FUBA NORDESTINO ;0;7045106959008;7,5;9,99;UN (UNIDADE);02102000
BROA DE MILHO KIGOMA;0;7898933117789;6,85;9,99;UN (UNIDADE);02102000
BROA DE MILHO SORTIDA ;5;7890483580136;7,5;9,99;UN (UNIDADE);02102000
BROA DO NORTE PRETA ;0;208614249888;7,5;9,99;UN (UNIDADE);02102000
BROA DO NORTE SORTIDA;0;208614249833;7,8;9,99;UN (UNIDADE);02102000
BROA PRETA DELICIA DO NORDESTE;0;7898994083368;7,5;9,99;UN (UNIDADE);02102000
BRONQUICURA  250ML;4;13277;4,5;9,99;UN (UNIDADE);02102000
BUCHA NATURAL;6;7898994181217;4,5;9,99;UN (UNIDADE);02102000
CACAU EM P� ;1,44;320;20,6;34,99;KG (QUILO);02102000
CAJUINA NORDESTINA;0;7897015100022;5;8,49;UN (UNIDADE);02102000
CAMARAO SECO;0;37193;19,8;29,99;KG (QUILO);02102000
CANELA DE VELHO CAPSULA;2;7895016349877;20;39,99;UN (UNIDADE);02102000
CANELA EM PAU ;0,476;95;57;79,99;KG (QUILO);02102000
CANELA EM PO;2,056;96;18;44,99;KG (QUILO);02102000
CANJICA AMARELA ;2,264;13;3,2;6,5;KG (QUILO);02102000
CANJICA BRANCA ;0;12;4,4;12,9;KG (QUILO);02102000
CARNE SECA 400G;0;7899567218118;14,5;19,99;UN (UNIDADE);02102000
CARNE SECA FRIBOI;0;7898542029879;18,3;23,99;UN (UNIDADE);02102000
CARNE SECA FRIBOI 500G;0;7898542029855;16,15;22,99;UN (UNIDADE);02102000
CASCA JATOBA ;1,532;102;42;59,99;KG (QUILO);02102000
CASTANHA  DO PARA;0;87;60;99,99;KG (QUILO);02102000
CASTANHA C/SAL;1,276;43;55;79,99;KG (QUILO);02102000
CASTANHA CARAMELIZADA ;0,53;44;38;79,99;KG (QUILO);02102000
CASTANHA MIX ;0,818;112;62;89,99;KG (QUILO);02102000
CASTANHA S/SAL;0;42;55;79,99;KG (QUILO);02102000
CATUABA EM PO;1;396;24,7;44,99;KG (QUILO);02102000
CHA ALECRIM;0,53;83;13,2;29,99;KG (QUILO);02102000
CHA ANTI ESTRESSE;0;7891011123405;6;11,99;UN (UNIDADE);02102000
CHA ARNICA DO MATO;0,5;912;12,5;49,99;KG (QUILO);02102000
CHA CAMOMILA;1,286;36;30,8;49,99;KG (QUILO);02102000
CHA CANELA DE VELHO;0;7891011122316;5;11,99;UN (UNIDADE);02102000
CHA CAPIM SANTO;0,628;37;13,3;29,99;KG (QUILO);02102000
CHA CARQUEJA AMARGA ;1;914;15;39,99;KG (QUILO);02102000
CHA CAVALINHA ;0;117;32;44,99;KG (QUILO);02102000
CHA DA SAUDE DA MULHER ;4;7891011121913;6;11,99;UN (UNIDADE);02102000
CHA DA VIDA  EM GARRAFA;5;7898042159441;2,5;9,99;UN (UNIDADE);02102000
CHA DE AMORA ;0,91;398;16,6;34,99;KG (QUILO);02102000
CHA DE BOLDO ;0,852;709;48,6;69,99;KG (QUILO);02102000
CHA DE MARACUJA ;0,5;355;30;49,99;KG (QUILO);02102000
CHA DE SUCUPIRA;0;7891011123962;6;11,99;UN (UNIDADE);02102000
CHA DENTE DE LEAO;1,57;100;26,3;49,99;KG (QUILO);02102000
CHA DESINCHA 500ML;0;7891011122811;6;12;UN (UNIDADE);02102000
CHA DETOX;0;7891011121814;6;11,99;UN (UNIDADE);02102000
CHA DIABETES ;0;7891011122118;6;11,99;UN (UNIDADE);02102000
CHA DISPOSI�AO;0;7891011121517;6;11,99;UN (UNIDADE);02102000
CHA DO CARO�O DE A�AI ;2;7891011124006;6;11,99;UN (UNIDADE);02102000
CHA EMAGRECIM;0;07898607020209;7,6;13,99;UN (UNIDADE);02102000
CHA ERVA DOCE ;1,274;35;26;49,99;KG (QUILO);02102000
CHA ERVA MATE;0,336;913;17;34,99;KG (QUILO);02102000
CHA ESPINHEIRA SANTA ;0,894;84;36,4;49,99;KG (QUILO);02102000
CHA EXTRATO DE NONI E UVA;2;7891234567895;5;9,99;UN (UNIDADE);02102000
CHA GUACO ;1,824;341;60;89,99;KG (QUILO);02102000
CHA HIBISCO ;2,396;34;29,6;54,99;KG (QUILO);02102000
CHA HORTEL�;1,43;38;10;24,99;KG (QUILO);02102000
CHA MATE COM LIMAO ;4;7891098041647;3,05;5,99;UN (UNIDADE);02102000
CHA MISTO 37 ERVAS;0;7891011123412;6;11,99;UN (UNIDADE);02102000
CHA MISTO ESPINHEIRA SANTA ;1;7898994335689;7;14;UN (UNIDADE);02102000
CHA MULUNGU;0,352;328;13,8;29,99;KG (QUILO);02102000
CHA PAU TENENTE ;0,956;329;20;34,99;KG (QUILO);02102000
CHA PRESSAO ALTA ;0;7891011123016;6;11,99;UN (UNIDADE);02102000
CHA PRETO COM LIMAO ;2;7891098041630;3,05;5,99;UN (UNIDADE);02102000
CHA SENE ;0,856;305;9,2;19,99;KG (QUILO);02102000
CHA UNHA DE GATO ;0,778;580;60;89,99;KG (QUILO);02102000
CHA UXI AMARELO ;1,118;582;42;69,99;KG (QUILO);02102000
CHA UXI AMARELO E UNHA DE GATO;1;7891234567896;7,6;13,99;UN (UNIDADE);02102000
CHA VERDE ;1,514;99;14,36;39,99;KG (QUILO);02102000
CHOCOLATE 50%;0,522;125;23,2;59,99;KG (QUILO);02102000
COCADA CASEIRA NINO BRANCA ;0;7893590329469;1,1;1,99;UN (UNIDADE);02102000
COCADA CASEIRA NINO PRETA ;0;7893590329476;1,4;1,99;UN (UNIDADE);02102000
COCADA COM ABORBORA ;0;7896310100157;6,85;8,99;UN (UNIDADE);02102000
COCADA COM MARACUJ� ;0;7898158942418;12;21,99;UN (UNIDADE);02102000
COCADA CREMOSA ;0;7898158941091;13,7;22,99;UN (UNIDADE);02102000
COCADA CREMOSA NICO;0;7898158942401;15;22,99;UN (UNIDADE);02102000
COCADA ITAPIRA ;1;7896310100096;6,85;9,99;UN (UNIDADE);02102000
COCADA ITAPIRA COM CARAMELO ;1;7896310100089;7,8;9,99;UN (UNIDADE);02102000
COCADA ITAPIRA COM MARACUJA;0;7896310100386;6,5;9,99;UN (UNIDADE);02102000
COCADA NATURAL;0;7896310100065;7,8;9,99;UN (UNIDADE);02102000
COCADA RECHEADA DELICIA DO VALE ;0;793573245403;1;1,49;UN (UNIDADE);02102000
COCADA RECHEADINHA DO VALE ;0;736532291677;1;1,49;UN (UNIDADE);02102000
COCO COLA ZERO LATA ;8;7894900700015;2,97;4,99;UN (UNIDADE);02102000
COCO RALADO FINO ;1,532;101;34,8;49,99;KG (QUILO);02102000
COCO RALADO GROSSO ;0;123;51,2;69,99;KG (QUILO);02102000
COLAGENO EM PO ;0;312;58;89,99;KG (QUILO);02102000
COMPOSTO DE MEL,PROPOLIS E AGRIAO ;0;7898906795068;8;14,99;UN (UNIDADE);02102000
CONSERVA AZEITONA COM CARO�O;2,802;296;16,65;39,99;KG (QUILO);02102000
CONSERVA AZEITONA CORTADA;2,068;297;16,65;39,99;KG (QUILO);02102000
CONSERVA AZEITONA SEM CARO�O;2,79;295;15,65;39,99;KG (QUILO);02102000
CONSERVA PIMENTA BIQUINHO;0;294;25;39,99;KG (QUILO);02102000
COPAO ACAI 300ML;0;97;6,67;9,5;UN (UNIDADE);02102000
COPAO ACAI CUPUACU 300ML;9;150;6,66;9,5;UN (UNIDADE);02102000
COPAO MISTA FLOR DA NATA ;19;88;4,5;6;UN (UNIDADE);02102000
COPINHO ACAI 175ML;1;98;3,75;6,5;UN (UNIDADE);02102000
COPINHO MISTA FLOR DA NATA ;18;89;2,7;4;UN (UNIDADE);02102000
COPO TERERE;1;18637;14,99;19,99;UN (UNIDADE);02102000
COSTELA SALGADA ;21,588;67;15,43;29,99;KG (QUILO);02102000
CRAVO EM FLOR ;1,164;94;66;89,99;KG (QUILO);02102000
CREATINA EM PO ;1,448;313;68;99,99;KG (QUILO);02102000
CREME DE AROEIRA ;0;63;2,5;6,99;UN (UNIDADE);02102000
CREME DE PEQUI ;3;7898618740400;7,8;12,99;UN (UNIDADE);02102000
CREME DESODORANTE SEBO DE CARNEIRO ;5;7898946332292;4,5;9,99;UN (UNIDADE);02102000
CURA TUDO EM GARRAFA;2;60476;2,5;9,99;UN (UNIDADE);02102000
DOCE CASEIRO DE JACA ;0;7899518200018;7,5;12,99;UN (UNIDADE);02102000
DOCE CASEIRO NORDESTE ;0;14568879;4,5;8,99;UN (UNIDADE);02102000
DOCE CRISTALIZADO GOIABA 350G;4;7899694880059;8,5;11,99;UN (UNIDADE);02102000
DOCE DE ABOBORA COM COCO;0;7897977909916;7,75;10,99;UN (UNIDADE);02102000
DOCE DE ABOBORA COM COCO DELICASSIS 270G;3;7898706370281;12,04;18,99;UN (UNIDADE);02102000
DOCE DE BANANA;0;55993;0,57;1,49;UN (UNIDADE);02102000
DOCE DE BANANA CREMOSO C/ CANELA ZELIA;3;7898966362477;15,81;21,99;UN (UNIDADE);02102000
DOCE DE BANANA CREMOSO ZELIA ;8;7898966362163;13;21,99;UN (UNIDADE);02102000
DOCE DE BANANA/ GOIABADA ;0;22404;0,57;1;UN (UNIDADE);02102000
DOCE DE BATATA DE UMBU;0;82228;7,5;14,99;UN (UNIDADE);02102000
DOCE DE BURITI ;3;618341646926;12;19,99;UN (UNIDADE);02102000
DOCE DE CAJU ;24;60465;0,35;1;UN (UNIDADE);02102000
DOCE DE CAJU CRISTALIZADO;6;7898657982410;7,4;9,99;UN (UNIDADE);02102000
DOCE DE JACA ;20;85896;0,95;1,49;UN (UNIDADE);02102000
DOCE DE JACA CRISTALIZADA;0;7898657985121;7,4;9,99;UN (UNIDADE);02102000
DOCE DE JACA JL;1;7898;6;9,99;UN (UNIDADE);02102000
DOCE DE LEITE AMBROSIA DUAS IRMAS ;0;7898137020885;17,9;22,99;UN (UNIDADE);02102000
DOCE DE LEITE AVIA��O ;2;7896331100372;9,65;14,99;UN (UNIDADE);02102000
DOCE DE LEITE C/CHOCOLATE UAI 200G;0;7898279300197;4;5,99;UN (UNIDADE);02102000
DOCE DE LEITE COM ABACAXI;2;7898137020236;15;22,99;UN (UNIDADE);02102000
DOCE DE LEITE COM AMEIXA SERRA SUL ;1;7898158944757;14,9;22,99;UN (UNIDADE);02102000
DOCE DE LEITE COM AMEIXA UAI ;5;7898279300036;6,5;9,99;UN (UNIDADE);02102000
DOCE DE LEITE COM AMENDOIM UAI ;0;7898279300166;6,5;9,99;UN (UNIDADE);02102000
DOCE DE LEITE COM CHOCOLATE;2;7898158941053;12;23,99;UN (UNIDADE);02102000
DOCE DE LEITE COM CHOCOLATE UAI;1;7898279300043;6;9,99;UN (UNIDADE);02102000
DOCE DE LEITE COM COCO;0;7898137020519;15;22,99;UN (UNIDADE);02102000
DOCE DE LEITE COM COCO DELICASSIS 400G;2;7898706370595;16,94;23,99;UN (UNIDADE);02102000
DOCE DE LEITE COM COCO SERRA SUL ;0;7898158944719;12,9;21,99;UN (UNIDADE);02102000
DOCE DE LEITE COM COCO UAI ;4;7898279300029;6,5;9,99;UN (UNIDADE);02102000
DOCE DE LEITE COM GOIABADA ;1;7898279300050;6,5;9,99;UN (UNIDADE);02102000
DOCE DE LEITE COM MARACUJA ;2;7898137020335;15;22,99;UN (UNIDADE);02102000
DOCE DE LEITE COM MORANGO UAI ;3;7898279300173;6,5;9,99;UN (UNIDADE);02102000
DOCE DE LEITE DELICASSIS 400G;3;7898706370588;16,94;23,99;UN (UNIDADE);02102000
DOCE DE LEITE SERRA SUL ;0;7898158944702;12,9;21,99;UN (UNIDADE);02102000
DOCE DE LEITE TRADICIONAL 2 IRMAS;0;7898137020502;15;22,99;UN (UNIDADE);02102000
DOCE DE LEITE UAI ;3;7898279300012;6,5;9,99;UN (UNIDADE);02102000
DOCE DE LEITE UAI 200G;1;7898279300104;3,85;5,99;UN (UNIDADE);02102000
DOCE DE LEITE UAI COM AMEIXA 200G;0;7898279300142;3,85;5,99;UN (UNIDADE);02102000
DOCE DE LEITE UAI COM COCO 200G;0;7898279300111;3,85;5,99;UN (UNIDADE);02102000
DOCE KAROLINA150G;1;7898141886064;2,8;4,99;UN (UNIDADE);02102000
DOCE MILHO ;0;7898137020342;15;22,99;UN (UNIDADE);02102000
DOCE PE DE MO�A CORTADINHO NICO ;1;7898158943347;6;11,99;UN (UNIDADE);02102000
DOLOMITA ;0,096;322;5;11,99;KG (QUILO);02102000
ENERGETICO ;0;7891011123429;6;11,99;UN (UNIDADE);02102000
ESKIMO FLOR DA NATA ;39;91;2,78;4;UN (UNIDADE);02102000
ESPINHEIRA SANTA C/120 ;1;7799011176776;17,9;39,99;UN (UNIDADE);02102000
ESPINHEIRA SANTA CAPSULA ;0;7895252246145;20;39,99;UN (UNIDADE);02102000
ESPINHEIRA SANTA EM GARRAFA ;2;18111;2,5;9,99;UN (UNIDADE);02102000
ESPONJA DE BANHO GRANDE ;0;7898994181224;13,5;19,99;UN (UNIDADE);02102000
ESTILINGUE;24;45;3;9,99;UN (UNIDADE);02102000
EXTRATO DE BUCHINHA;4;7897795558624;2;8,99;UN (UNIDADE);02102000
EXTRATO DE PROPOLIS ;2;486;8;15,99;UN (UNIDADE);02102000
FANTA GUARANA LATINHA;9;7894900093001;2,54;4,99;UN (UNIDADE);02102000
FANTA LARANJA LATINHA ;6;7894900030013;2,69;4,99;UN (UNIDADE);02102000
FANTA UVA LATINHA;4;7894900050011;2,69;4,99;UN (UNIDADE);02102000
FARELO DE AVEIA ;2,88;140;6,4;19,99;KG (QUILO);02102000
FARINHA D AGUA AMARELA ;10;51;7,5;10,99;KG (QUILO);02102000
FARINHA DE AMENDOIM ;1,216;124;10,8;34,99;KG (QUILO);02102000
FARINHA DE ARROZ;1,43;321;6,8;14,99;KG (QUILO);02102000
FARINHA DE AVEIA ;7,15;60;5,8;19,99;KG (QUILO);02102000
FARINHA DE BANANA;0,698;129;18;34,99;KG (QUILO);02102000
FARINHA DE BERINJELA;1;343;36,2;59,99;KG (QUILO);02102000
FARINHA DE BETERRABA;0,62;116;41,4;99,99;KG (QUILO);02102000
FARINHA DE ROSCA ;1,834;300;5,4;9,99;KG (QUILO);02102000
FARINHA DE UVA ;0,544;323;23,4;39,99;KG (QUILO);02102000
FARINHA FINA ;28,534;02;3,5;7,49;KG (QUILO);02102000
FARINHA GROSSA;35,534;01;3,5;6,49;KG (QUILO);02102000
FARINHA LINHA�A DOURADA ;1,192;118;10,8;19,99;KG (QUILO);02102000
FARINHA LINHA�A MARROM;2,588;127;9;19,99;KG (QUILO);02102000
FARINHA MILHO AMARELA ;1,154;11;7,5;12,9;KG (QUILO);02102000
FARINHA QUEBRADINHA;0;81;7,2;11,99;KG (QUILO);02102000
FAROFA APIMENTADA 400G DA TERRINHA;12;7898960982183;3,99;5,99;UN (UNIDADE);02102000
FAROFA GOUMERT BACON;12;7896118711081;4,5;6,49;UN (UNIDADE);02102000
FAROFA GOUMERT COSTELINHA C/LIMAO;12;7896118711104;4,5;6,49;UN (UNIDADE);02102000
FAROFA GOURMET CHIMICHURRI;6;7896118711098;4,5;6,49;UN (UNIDADE);02102000
FAROFA GOURMET PICANTE;15;7896118711074;4,5;6,49;UN (UNIDADE);02102000
FAROFA GOURMET TRADICIONAL ;17;7896118711067;4,5;6,49;UN (UNIDADE);02102000
FAROFA TRADICIONAL 24/400G DA TERRINHA;0;7898960982213;3,99;5,99;UN (UNIDADE);02102000
FAVA BRANCA;0;82;20;29,99;KG (QUILO);02102000
FAVA MANTEIGA ;5,292;126;21;29,99;KG (QUILO);02102000
FAVA RAJADA VERMELHA;2,954;50;20;29,99;KG (QUILO);02102000
FEIJAO ANDU ;0;114;16;24,99;KG (QUILO);02102000
FEIJ�O BRANCO ;1,816;05;10,8;21,99;KG (QUILO);02102000
FEIJ�O CORDA;26,978;03;4,5;11,99;KG (QUILO);02102000
FEIJ�O FRADINHO ;3,082;04;5,4;9,99;KG (QUILO);02102000
FEIJAO MULATINHO;0,88;495;13;19,99;KG (QUILO);02102000
FEIJ�O PRETO ;10;09;5,33;9,99;KG (QUILO);02102000
FIBRA DE MACA ;0,35;911;42;59,99;KG (QUILO);02102000
FLOC�O DE ARROZ NUTRITIVA ;0;7896184800177;3,5;5,99;UN (UNIDADE);02102000
FLOC�O DE MILHO CORINGA ;9;7896481130137;2,7;4,99;UN (UNIDADE);02102000
FLOCAO DE MILHO NUTITIVA;23;7896184800504;2,15;4,99;UN (UNIDADE);02102000
FOLHA DE LOURO ;1,786;111;30,5;49,99;KG (QUILO);02102000
FONDANT DE LEITE ;0;7896832904028;3,69;4,99;UN (UNIDADE);02102000
FONDANT DE LEITE C/COCO CORTADINHO ;3;7898158940049;6;8,99;UN (UNIDADE);02102000
FONDANT DE LEITE COM AMEIXA ;0;7898158941015;12;21,99;UN (UNIDADE);02102000
FONDANT DE LEITE COM CHOCOLATE ;1;7898954718408;5,9;8,99;UN (UNIDADE);02102000
FONDANT DE LEITE COM CHOCOLATE ;2;7896832904011;3,69;4,99;UN (UNIDADE);02102000
FONDANT DE LEITE COM GOIABADA ;0;7898954718415;5,9;8,99;UN (UNIDADE);02102000
FONDANT DE LEITE COM GOIABADA ;2;7898158941060;12;21,99;UN (UNIDADE);02102000
FONDANT DE LEITE COM MARACUJ� ;0;7898158943262;12;21,99;UN (UNIDADE);02102000
FONDANT DE LEITE EM TABLETE ;0;7898954718255;5,9;8,99;UN (UNIDADE);02102000
FONDANT DE LEITE EM TABLETE COM COCO;0;7898954718248;5,9;8,99;UN (UNIDADE);02102000
FONDANT DE LEITE PURO ;2;7898158941022;12;21,99;UN (UNIDADE);02102000
FONDANT DE LEITE PURO CORTADINHO ;2;7898158940018;6;8,99;UN (UNIDADE);02102000
FORTIFICANTE EM GARRAFA;2;7897795882651;4,2;9,99;UN (UNIDADE);02102000
FUMO JURITI;13;7897414100197;4,3;6,99;UN (UNIDADE);02102000
FUMO SABIA 22G;6;7897436300032;2,6;4,99;UN (UNIDADE);02102000
GEL MASSAGEADOR SEBO DE CARNEIRO ;1;7908512700575;3,5;8,99;UN (UNIDADE);02102000
GELEIA DE FIGO;2;7898137020878;15;22,99;UN (UNIDADE);02102000
GEL�IA DE GOIABA ;2;7898158943682;13,7;22,99;UN (UNIDADE);02102000
GEL�IA DE MOCOT�  PODEROSA;0;7898916542041;6,5;9,99;UN (UNIDADE);02102000
GELEIA DE MOCOTO COM AMENDOIM;1;7898916542058;6,25;10,99;UN (UNIDADE);02102000
GELEIA DE MORANGO ;2;7898158943170;13,7;22,99;UN (UNIDADE);02102000
GENGIBRE EM PO;1,162;301;21;39,99;KG (QUILO);02102000
GERGELIM BRANCO ;1,328;302;19,8;39,99;KG (QUILO);02102000
GERGELIM PRETO;1,192;401;22,4;44,99;KG (QUILO);02102000
GINKGO BILOBA EM GARRAFA ;1;9781592170531;2,5;9,99;UN (UNIDADE);02102000
GOABADA CASC�O 500G;0;7898158940339;7,2;10,99;UN (UNIDADE);02102000
GOIABADA 300G;0;7897977903716;3,5;4,99;UN (UNIDADE);02102000
GOIABADA ANHANBI;0;7896113200214;2,95;4,99;UN (UNIDADE);02102000
GOIABADA CASCAO ;0;7897977909930;5,85;10,99;UN (UNIDADE);02102000
GOIABADA CASCAO LIGHT 250G;17;7898267580242;9,5;14,99;UN (UNIDADE);02102000
GOIABADA CASCAO MINEIRAO;0;7897456601249;5,5;9,99;UN (UNIDADE);02102000
GOIABADA CREMOSA ZELIA ;8;7898966362149;13;21,99;UN (UNIDADE);02102000
GOIABADA EM BARRA;5,682;728;19,68;28,99;KG (QUILO);02102000
GOIABADA SABIA 250G;0;1148311041912;4,8;9,99;UN (UNIDADE);02102000
GOIBADA CASCAO 500G ZELIA ;20;7898966362408;12,19;16,99;UN (UNIDADE);02102000
GOMA;35,548;07;5,2;9,99;KG (QUILO);02102000
GOMA HIDRATADA;0,794;360;5,75;12,99;KG (QUILO);02102000
GOTAS ACAO DETOX LIMPA TUDO ;0;12690;2,5;5,99;UN (UNIDADE);02102000
GOTAS CAVALINHA ;1;93648;2,5;5,99;UN (UNIDADE);02102000
GOTAS CHA DIABETES ;0;26629;2,5;5,99;UN (UNIDADE);02102000
GOTAS DE AGUARDENTE ALEMA;1;94215;2,5;5,99;UN (UNIDADE);02102000
GOTAS DE DESINCHA;0;97366;2,5;5,99;UN (UNIDADE);02102000
GOTAS DE MELAO SAO CAETANO;4;53010;2,5;5,99;UN (UNIDADE);02102000
GOTAS DE SUCUPIRA ;0;76354;2,5;5,99;UN (UNIDADE);02102000
GOTAS UNHA DE GATO COM UXI AMARELO;0;30064;2,5;5,99;UN (UNIDADE);02102000
GRANOLA COMPLETA ;2,634;93;21,6;34,99;KG (QUILO);02102000
GRAO DE BICO;0;57;9,8;14,99;KG (QUILO);02102000
GUARANA EM PO;1,318;128;26,4;44,99;KG (QUILO);02102000
GUARANA JESUS ;0;7894900941159;4,2;5,99;UN (UNIDADE);02102000
GUARANA JESUS 1LT;5;7894900941715;7,5;9,99;UN (UNIDADE);02102000
GUARANA JESUS 2 LT;0;7894900941517;12;19,99;UN (UNIDADE);02102000
JAB� ;5,074;40;34;47,99;KG (QUILO);02102000
JERKED SUINO SEARA ;5;7894904272396;9,45;15,99;UN (UNIDADE);02102000
KIT FEIJOADA;0;79;12;19,99;UN (UNIDADE);02102000
KIT SABONETE E CREME ;1;4526;17;35,99;UN (UNIDADE);02102000
LAMBEDOR  CURA TOSSE;2;7891577860028;10;14;UN (UNIDADE);02102000
LANCE BRASIL 800G;2;7897754708329;12,8;19,99;UN (UNIDADE);02102000
LANCHE BRASIL 160G;0;7897754708268;3,3;4,99;UN (UNIDADE);02102000
LANCHINHO GOIABADA;1;7899694880028;6,3;13,99;UN (UNIDADE);02102000
LANCHINHO GOIABADA 150G;0;7899694880011;3,5;4,99;UN (UNIDADE);02102000
LEITE CONDENSADO SEMIDESNATADO ITALAC;1;7898080640413;5,27;6,99;UN (UNIDADE);02102000
LEITE DE COCO 200ML;24;7898903301019;1,25;2,99;UN (UNIDADE);02102000
LEITE DE COCO 500ML;5;7898903301026;2,5;5,99;UN (UNIDADE);02102000
LEITE DE COCO DUBOM 1LT;5;7898903301989;5;11,99;UN (UNIDADE);02102000
LEITE DE SOJA;2,186;316;12,8;29,99;KG (QUILO);02102000
LENTILHA;0;315;14;22,99;KG (QUILO);02102000
LEVANTA O VELHO EM GARRAFADA;2;13965;5;9,99;UN (UNIDADE);02102000
LINGUI�A ARGOLAO ;3,418;350;15,75;24,99;KG (QUILO);02102000
LINGUI�A CALABRESA AURORA/ SADIA ;11,336;71;19,49;27,99;KG (QUILO);02102000
LINHA�A DOURADA;1,19;122;7,8;19,99;KG (QUILO);02102000
LINHA�A MARROM;0,026;59;7,23;19,99;KG (QUILO);02102000
LOMBO ;4,616;72;22,49;29,99;KG (QUILO);02102000
MACA PERUANA EM PO;1,354;298;22,3;39,99;KG (QUILO);02102000
MACA PERUANA PRETA;1,338;281;31;49,99;KG (QUILO);02102000
MAMAO RALADO COM COCO ;2;7898158943149;12;21,99;UN (UNIDADE);02102000
MANJUBA;0;76;16,5;16,99;KG (QUILO);02102000
MANTEIGA DE GARRAFA 200G;4;7899694872320;9;14,99;UN (UNIDADE);02102000
MANTEIGA DE GARRAFA 500G;3;7899694872313;17,3;24,99;UN (UNIDADE);02102000
MANTEIGA DE POTE ;5;422;6,4;8,99;UN (UNIDADE);02102000
MARGARINA QUALY CREMOSA COM SAL ;19;7893000394117;3,84;5,49;UN (UNIDADE);02102000
MARIOLA  GOIABA;0;7899694880035;5,95;8,99;UN (UNIDADE);02102000
MARIOLA BANANA SABIA;0;7890483574494;5,25;9,99;UN (UNIDADE);02102000
MARIOLA BRASIL;2;7897754708183;5;9,99;UN (UNIDADE);02102000
MARIOLA DE BANANA;1;7898007435801;5,5;8,99;UN (UNIDADE);02102000
MARIOLA DE CAJU ;1;7898007432688;5,5;8,99;UN (UNIDADE);02102000
MARROM GLACE ;0;7897977909947;7,75;10,99;UN (UNIDADE);02102000
MASSA DE MANDIOCA PUBA VITORIA;3;7898961120010;8,5;15,99;UN (UNIDADE);02102000
MASTRUZ EM GARRAFA ;1;7898736153625;4,2;9,99;UN (UNIDADE);02102000
MATA FOME 200G;4;7898095630089;3,7;5,99;UN (UNIDADE);02102000
MEL ABELINHA 1200GR;0;12345;9;19,99;UN (UNIDADE);02102000
MEL FLOR DE MINAS 1LT;0;7253739253961;15;34,99;UN (UNIDADE);02102000
MEL FLOR DE MINAS 300G;15;1234567890128;5,5;8,99;UN (UNIDADE);02102000
MEL FLOR DE MINAS 330G VIDRO;8;7534193699237;7,8;9,99;UN (UNIDADE);02102000
MEL FLOR DE MINAS 500G;5;7648448429521;7,85;12,99;UN (UNIDADE);02102000
MEL FLOR DE MINAS 750G;5;9771414363104;13;19,99;UN (UNIDADE);02102000
MEL JATAI ;5;7896994520159;15;29,99;LT (LITRO);02102000
MELADO DE CANA;0;7898929994226;8,5;12,99;UN (UNIDADE);02102000
MELADO DE CANA DE ACUCAR DELICASSIS 250G;2;7896181700791;8,53;12,99;UN (UNIDADE);02102000
MILHO DE PIPOCA;9,878;56;5,4;8,49;KG (QUILO);02102000
MINI MARIA 3 DE MAIO;4;7898008913124;6,3;9,99;UN (UNIDADE);02102000
MINI RAPADURA COM COCO;0;7890483574708;6;8,99;UN (UNIDADE);02102000
MINI RAPADURA MINEIRA JR 160G;1;;1,5;2,99;UN (UNIDADE);02102000
MINI RAPADURA TRADICIONAL ;0;7897589652224;4,5;8,99;UN (UNIDADE);02102000
MOLHO DE ALHO ;1;7896118718585;2,35;3,49;UN (UNIDADE);02102000
MOLHO DE CHURRASCO;2;7896118718578;2,5;3,49;UN (UNIDADE);02102000
MOLHO DE PIMENTA CAROLINA;5;7892220003304;6;8,99;UN (UNIDADE);02102000
MOLHO DE PIMENTA CAROLINA REAPER ;0;7898562840232;10;14,99;UN (UNIDADE);02102000
MOLHO DE PIMENTA CREMOSO ;4;7896118718684;2,5;3,49;UN (UNIDADE);02102000
MOLHO DE PIMENTA GOTA PICANTE;13;7898286190316;2,85;4,99;UN (UNIDADE);02102000
MOLHO DE PIMENTA SCORPION;1;7892220003243;6;8,99;UN (UNIDADE);02102000
MOLHO DE PIMENTA VERMELHA ;1;7896118718592;2,35;3,49;UN (UNIDADE);02102000
MOLHO FAISCA EXTRA FORTE 150ML;0;7897873011881;4,8;6,99;UN (UNIDADE);02102000
MOLHO GOTA INGLES 150ML MARATA;3;7898286190323;2,49;3,49;UN (UNIDADE);02102000
MOLHO GOTA PIMENTA VERDE 150ML MARATA;1;7898286191320;2,49;3,49;UN (UNIDADE);02102000
MOLHO GOTA SHOYU 150ML MARATA;2;7898286190354;2,49;3,49;UN (UNIDADE);02102000
NUTRIVIDA ;8;7896184800184;2;4,99;UN (UNIDADE);02102000
OLEO  DE ABACATE ;0;7892312201632;20,95;29,99;UN (UNIDADE);02102000
OLEO DE ALECRIM ;2;7898963679059;10;14,99;UN (UNIDADE);02102000
OLEO DE COCO EXTRA VIRGEM 200ML;0;7898596080604;14;24,99;UN (UNIDADE);02102000
OLEO DE COCO SEM SABOR ;3;7898596081960;13,6;22,99;UN (UNIDADE);02102000
OLEO DE COCO VIRGEM ;3;7896181710530;14,36;22,99;UN (UNIDADE);02102000
OLEO DE MENTA NATURAL;2;7898936049001;3,5;6,99;UN (UNIDADE);02102000
OLEO DE PEQUI ;3;7896695309060;10;16,99;UN (UNIDADE);02102000
OLEO DE SUCUPIRA;1;7898413550158;5;9,99;UN (UNIDADE);02102000
ORA PRO NOBIS CAPSULA 120;0;7895204789102;20,9;39,99;UN (UNIDADE);02102000
ORA PRO NOBIS EM GARRAFA;3;7898042159458;2,5;9,99;UN (UNIDADE);02102000
ORA PRO NOBIS EM PO ;0;7899468510885;19;34,99;UN (UNIDADE);02102000
ORELHA SALGADO ;0;70;8,75;17,99;KG (QUILO);02102000
PA�OCA DONA MARTHA ;29;7893595719975;1,67;2,49;UN (UNIDADE);02102000
PA�OC�O 90 G ;6;7899995221124;1,3;2,5;UN (UNIDADE);02102000
PALHAS BELLER ;12;41479;2,4;4;UN (UNIDADE);02102000
PAPEL SEDA;29;67822;1,15;3;UN (UNIDADE);02102000
PASTA DE AMENDOIM JR ;2;7898029210660;12,5;21,99;UN (UNIDADE);02102000
PATE DE PIMENTA ESPANTA VISITA ;4;7898618742947;8,5;9,99;UN (UNIDADE);02102000
PATE DE PIMENTA MATA A SOGRA;1;7898618741186;8,5;9,99;UN (UNIDADE);02102000
PE SALGADO;32,862;74;9,83;13,99;KG (QUILO);02102000
PELLET SABOR BACON DELICASSIS 70G;12;7898706370038;2,27;3,99;UN (UNIDADE);02102000
PENEIRA ARAME 30 CM;2;7897477700235;20,5;29,99;UN (UNIDADE);02102000
PEPITA DE GIRASSOL ;0,7;132;13,6;24,99;KG (QUILO);02102000
PEQUI EM CARO�O;0;7892220001249;10,5;21,99;UN (UNIDADE);02102000
PEQUI FATIADO ;0;7892220001928;10;19,99;UN (UNIDADE);02102000
PICOLE FLOR DA NATA ;162;92;1,75;2,5;UN (UNIDADE);02102000
PIMENTA +FORTEDO MUNDO MOLHO 150ML;1;739844721269;8,5;15,99;UN (UNIDADE);02102000
PIMENTA ATOMIC FORTE DO MUNDO ;1;739844721061;15,8;24,99;UN (UNIDADE);02102000
PIMENTA BICO DEFUMADA;0;7898618747607;11,8;16,99;UN (UNIDADE);02102000
PIMENTA BICO DOCE SAND;13;7896118718851;7,5;11,99;UN (UNIDADE);02102000
PIMENTA BIQUINHHO 310G;0;7892220000112;8,5;14,99;UN (UNIDADE);02102000
PIMENTA BIQUINHO AROMA MINAS ;0;7898618740189;13,5;15,99;UN (UNIDADE);02102000
PIMENTA BIQUINHO NO POTE ;0;14220;4,2;8;UN (UNIDADE);02102000
PIMENTA CAIENE ;0;7898618742664;9,8;14,99;UN (UNIDADE);02102000
PIMENTA CUMARI  NATIVA 12564;0;12564;8,5;11,99;UN (UNIDADE);02102000
PIMENTA CUMARI DO PARA ;0;7898618740851;6,8;9,99;UN (UNIDADE);02102000
PIMENTA CUMARI VERDE 1050G;1;7892220000914;38;45,99;UN (UNIDADE);02102000
PIMENTA CUMARI VERDE 190G;2;7898639160973;8,5;9,99;UN (UNIDADE);02102000
PIMENTA CUMARI VERDE 200G ;2;7898378200244;7,5;14,99;UN (UNIDADE);02102000
PIMENTA CUMARI VERMELHA ;0;7898618742237;9,5;14,99;UN (UNIDADE);02102000
PIMENTA DEDO DE MO�A ;0;7898618745030;9,8;15,99;UN (UNIDADE);02102000
PIMENTA DEDO MO�A;0;7898618740899;9,8;14,99;UN (UNIDADE);02102000
PIMENTA MALAGUENTA 900G;3;7898946531695;17;29,99;UN (UNIDADE);02102000
PIMENTA MALAGUETA 130G;0;7892220000648;4;6,99;UN (UNIDADE);02102000
PIMENTA MALAGUETA DELICASSIS 300G;1;7898706370359;13,33;16,99;UN (UNIDADE);02102000
PIMENTA MALAGUETA VERDE ;0;7898618741162;5,5;9,99;UN (UNIDADE);02102000
PIMENTA MALAGUETA VERDE ;4;7898618740684;10,8;15,99;UN (UNIDADE);02102000
PIMENTA MALAGUETA VERM.;0;7898618740509;5,99;9,99;UN (UNIDADE);02102000
PIMENTA MALAGUETA VERM.  300G;0;7898618740202;10,5;14,99;UN (UNIDADE);02102000
PIMENTA MALAGUETA VERMELHA;1;7896118718493;5,5;8,99;UN (UNIDADE);02102000
PIMENTA MISTA;1;7898618740295;5,99;9,99;UN (UNIDADE);02102000
PIMENTA MISTA 1050G;1;9900000000196;17;27,99;UN (UNIDADE);02102000
PIMENTA MISTA 500G;2;7898618741001;11,8;18,99;UN (UNIDADE);02102000
PIMENTA MISTA DELICASSIS 300G;2;7898706370373;12,95;16,99;UN (UNIDADE);02102000
PIMENTA MISTA SABOROSA NATIVA;2;7892220000808;10;15,99;UN (UNIDADE);02102000
PIMENTA SABOROSA ;0;7898618747485;10,8;15,99;UN (UNIDADE);02102000
PINGO DE DOCE DE LEITE ;35;7898099062558;1,14;1,5;UN (UNIDADE);02102000
PIPOCA CARAMELIZADA 100G DELICASSIS ;5;7898706370649;3,29;4,99;UN (UNIDADE);02102000
PIPOCA GRAVATA NORDESTE 14G;18;7898002910075;0,49;0,99;UN (UNIDADE);02102000
PIPOCA GRAVATA NORDESTE 40G;0;7898002910143;1,35;2,49;UN (UNIDADE);02102000
PITANGA TATA BISCOITOS ;0;7893595129781;6,6;8,99;UN (UNIDADE);02102000
POLVILHO AZEDO;14,356;08;5,74;9,99;KG (QUILO);02102000
POLVILHO DOCE ;9,766;06;4;9,99;KG (QUILO);02102000
POMADA CANELA DE VELHO ;5;7908512700742;5;9,99;UN (UNIDADE);02102000
POMADA CANELA VELHO PREMIUM ;0;7898741951407;2,75;9,99;UN (UNIDADE);02102000
POMADA CARTILAGEM DE TUBAR�O;1;7908512700667;3,84;9,99;UN (UNIDADE);02102000
POMADA CURADOR ;136;11827;2;3,99;UN (UNIDADE);02102000
POMADA FISIOFORT ;5;7908512700841;3,84;9,99;UN (UNIDADE);02102000
POMADA FISIOFORT GOLD;2;7908512704382;8;14,99;UN (UNIDADE);02102000
POMADA FISIOFORT PREMIUM;2;7908512700810;5,33;9,99;UN (UNIDADE);02102000
POMADA MEGAGEOL;1;7898920429321;6,65;13,3;UN (UNIDADE);02102000
POMADA PRETA APNIL;1;;2,75;8,99;UN (UNIDADE);02102000
POMODA FISIO FORT;4;7908512700568;5,2;9,99;UN (UNIDADE);02102000
PRESTIGIO;1;7898158948762;12;21,99;UN (UNIDADE);02102000
PROSTATIL ;0;7898607020391;5;11,99;UN (UNIDADE);02102000
PROTEINA DE SOJA ;0,688;310;12,5;24,99;KG (QUILO);02102000
PSYLLIUM;0,97;19801;46;99,99;KG (QUILO);02102000
PURURUCA ;0,173;327;32;44,99;KG (QUILO);02102000
QUEBRA QUEIXO 200G;0;59281;4,25;5,99;UN (UNIDADE);02102000
QUEBRA QUEIXO DOCE ;7;602883575219;1,09;1,49;UN (UNIDADE);02102000
QUEIJO COALHO BARRA BOM DA FAZENDA ;9,143;133;40;55,9;KG (QUILO);02102000
QUEIJO FRESCAL GRANDE RIGONI/ MINAS;15,577;47;29,99;49,99;KG (QUILO);02102000
QUEIJO MINAS FRESCAL BABY 300G CORONATA;3;7896728958715;12,45;17,99;UN (UNIDADE);02102000
QUIRELA ;3,142;39;3,5;5,99;KG (QUILO);02102000
RABO;0;78;18,34;25,99;KG (QUILO);02102000
RAPADURA BATIDA;0;609963360086;10;19,99;UN (UNIDADE);02102000
RAPADURA BATIDA CEARA;0;7890483574463;5,4;9,99;UN (UNIDADE);02102000
RAPADURA BATIDA DO CEARA;0;7890483574036;3,25;4,99;UN (UNIDADE);02102000
RAPADURA BATIDA NA PALHA ;0;7897075186271;3,5;4,99;UN (UNIDADE);02102000
RAPADURA BATIDA QUADRADA;4;609963360253;11;19,99;UN (UNIDADE);02102000
RAPADURA BATIDA SERRA DO VALE;6;609963360208;4;9,99;UN (UNIDADE);02102000
RAPADURA C/ ABOBORA;1;7895098041041;6,55;9,99;UN (UNIDADE);02102000
RAPADURA C/ AMENDOIM;0;7895098041010;6,55;10,99;UN (UNIDADE);02102000
RAPADURA C/ CIDRA;2;7895098041027;6,55;10,99;UN (UNIDADE);02102000
RAPADURA C/ COCO;2;7895098041058;6,55;10,99;UN (UNIDADE);02102000
RAPADURA C/ MAM�O;4;7895098041034;6,55;10,99;UN (UNIDADE);02102000
RAPADURA C/AMENDOIM;0;7890483574715;4,5;8,99;UN (UNIDADE);02102000
RAPADURA CEARA;22;7890483574012;4,8;9,99;UN (UNIDADE);02102000
RAPADURA CEARA ESCURA ;1;7893095573312;4,8;9,99;UN (UNIDADE);02102000
RAPADURA CEARA PINGO;0;7890483574562;4,5;7,99;UN (UNIDADE);02102000
RAPADURA CEARA PINGO COM AMENDOIM;1;7890483574647;4,65;7,99;UN (UNIDADE);02102000
RAPADURA CEARENSE QUEBRADINHA;0;13500;4,5;8,99;UN (UNIDADE);02102000
RAPADURA COM ABACAXI ;2;7895098041065;7,5;10,99;UN (UNIDADE);02102000
RAPADURA COM AMENDOIM;0;609963360239;4,5;11,99;UN (UNIDADE);02102000
RAPADURA COM BANANA ;0;7895098041072;6,55;10,99;UN (UNIDADE);02102000
RAPADURA COM GERGELIM;0;7895098041249;7,5;10,99;UN (UNIDADE);02102000
RAPADURA COM GOIABADA ;0;7895098041089;6,8;9,99;UN (UNIDADE);02102000
RAPADURA DO CEARA 1500GR;5;7893095573329;12,6;19,99;UN (UNIDADE);02102000
RAPADURA DO CEARA 250GR;0;7890483574586;3,25;4,99;UN (UNIDADE);02102000
RAPADURA DO CEARA C/CAFE PINGO;0;7890483574654;4,6;7,99;UN (UNIDADE);02102000
RAPADURA DO CEARA C/COCO PINGO;0;7890483574630;4,6;7,99;UN (UNIDADE);02102000
RAPADURA DO CEAR� COM AMENDOIM;0;7890483574609;6,5;13;UN (UNIDADE);02102000
RAPADURA DO CEARA TRADICIONAL 1500G;3;7890483574005;12,6;19,99;UN (UNIDADE);02102000
RAPADURA ESTRELA ABACAXI ;1;7897803900537;2,8;4,99;UN (UNIDADE);02102000
RAPADURA ESTRELA BATIDA ;2;7897803900339;2,8;4,99;UN (UNIDADE);02102000
RAPADURA ESTRELA DE COCO ;0;7897803900483;2,5;4,99;UN (UNIDADE);02102000
RAPADURA ESTRELA GOIABA;4;7897803900384;2,45;4,99;UN (UNIDADE);02102000
RAPADURA ESTRELA TRADICIONAL ;1;7897803900438;2,5;4,99;UN (UNIDADE);02102000
RAPADURA MINEIRA JR 600G;1;7898029210080;5,3;10,99;UN (UNIDADE);02102000
RAPADURA QUEBRADINHA COM GOIABA;0;7894148057834;4,8;8,99;UN (UNIDADE);02102000
RAPADURA QUEBRADINHA TRADICIONAL;0;7893916194580;4,8;8,99;UN (UNIDADE);02102000
RAPADURA SERRA ;1;7897075186455;4,8;8,99;UN (UNIDADE);02102000
RAPADURA SERRA C/COCO ;0;7897075186448;4,8;8,99;UN (UNIDADE);02102000
RAPE;108;16;1,67;2,99;UN (UNIDADE);02102000
REFRIGENTE SAO GERALDO 2LT;0;7897240900107;10,8;15,99;UN (UNIDADE);02102000
REFRIGERANTE CAJU SAO GERALDO;0;7897240900077;4,22;6,5;UN (UNIDADE);02102000
REFRIGERANTE COCA COLA ;0;7894900010015;2,97;4,99;UN (UNIDADE);02102000
REFRIGERANTE GUARANA 350 ML;1;7891991000826;2,49;4,99;UN (UNIDADE);02102000
REFRIGERANTE SAO GERALDO 1LT;0;7897240900114;8,33;9,99;UN (UNIDADE);02102000
REFRIGERANTE SUKITA ;0;7891149440603;2,39;4,99;UN (UNIDADE);02102000
REQUEIJ�O;5,532;46;40;54,9;KG (QUILO);02102000
REQUEIJAO BRANCO 500G;0;7898203240063;22;34,99;UN (UNIDADE);02102000
SABONETE DIVERSOS;34;454454;2,5;3,5;UN (UNIDADE);02102000
SABONETE INTIMJO AROEIRA APINIL;0;7898936049131;3,5;8,99;UN (UNIDADE);02102000
SABONETE INTIMO 15 ERVAS ;1;7898566782620;3,5;8,99;UN (UNIDADE);02102000
SABONETE INTIMO 17 ERVAS  APINIL;1;7898936049049;3,5;8,99;UN (UNIDADE);02102000
SABONETE INTIMO 17ERVAS;3;7898566786598;3,5;8,99;UN (UNIDADE);02102000
SABONETE INTIMO BABABELL CHICLETE ;2;7898943759184;3,5;8,99;UN (UNIDADE);02102000
SABONETE INTIMO BABABELL UVA ;1;7898751480386;3,5;8,99;UN (UNIDADE);02102000
SABONETE INTIMO BARBATIMAO;0;7898566786604;3,5;8,99;UN (UNIDADE);02102000
SABONETE INTIMO BARBATIMAO COM AROEIRA APINIL;0;7898936049735;3,5;8,99;UN (UNIDADE);02102000
SABONETE INTIMO BARBATIMAO E AROEIRA;0;7898566782439;3,5;8,99;UN (UNIDADE);02102000
SABONETE INTIMO ERVA DOCE;1;7898566782453;3,35;8,99;UN (UNIDADE);02102000
SABONETE INTIMO MARACUJA ;2;7898936049056;3,5;8,99;UN (UNIDADE);02102000
SABONETE INTIMO MORANGO;2;7898936049063;3,5;8,99;UN (UNIDADE);02102000
SAL DE PARRILLA CHIMICHURRI;1;7896118718981;4,25;4,99;UN (UNIDADE);02102000
SAL DE PARRILLA CHURRASCO DEFUMADO;1;7896118711029;4,25;4,99;UN (UNIDADE);02102000
SAL DE PARRILLA COM ALHO;0;7896118711012;4,25;4,99;UN (UNIDADE);02102000
SAL DE PARRILLA COM PIMENTA ;3;7896118711043;4,25;4,99;UN (UNIDADE);02102000
SAL DE PARRILLA LEMON PEPPER;3;7896118718998;4,25;4,99;UN (UNIDADE);02102000
SAL DE PARRILLA LIMAO COM ERVAS ;0;7896118711036;4,25;4,99;UN (UNIDADE);02102000
SAL DE PARRILLA SALSA CRIOLLA;2;7896118711050;4,25;4,99;UN (UNIDADE);02102000
SAL DE PARRILLA TRADICIONAL ;0;7896118711005;4,25;4,99;UN (UNIDADE);02102000
SALGADINHO TOP  SABOR BACON;2;7898692510333;0,88;1,49;UN (UNIDADE);02102000
SALGADINHO TOP COSTELINHA COM LIMAO ;1;7898692510340;0,88;1,49;UN (UNIDADE);02102000
SEBO DE CARNEIRO;0;64;3,5;6,99;UN (UNIDADE);02102000
SECA BARRIGA;0;7891011123603;6;11,99;UN (UNIDADE);02102000
SECA BARRIGA PREMIUM;0;7898526971347;20;39,99;UN (UNIDADE);02102000
SEMENTE ABOBORA;0;113;41,8;64,99;KG (QUILO);02102000
SEMENTE DE CHIA;2;58;15,5;29,99;KG (QUILO);02102000
SEQUILHOS LIMAO ADBELL;3;7899085683757;3,8;5,99;UN (UNIDADE);02102000
SINUSITE;1;7898255687335;2;8,99;UN (UNIDADE);02102000
SOJA EM GRAO ;2,26;317;5,8;14,99;KG (QUILO);02102000
SPIRULINA 120 CAPSULAS ;0;7898572041377;23,9;39,99;UN (UNIDADE);02102000
SPRITE LATINHA;3;7894900681017;2,69;4,99;UN (UNIDADE);02102000
SUCO DE UVA XV DE NOVEMBRO ;5;7897966680253;18;22,99;UN (UNIDADE);02102000
SUCO DEL VALE UVA ;1;7894900550054;2,73;4,99;UN (UNIDADE);02102000
SUCO DELL VALLE LARANJA ;2;7894900556056;2,73;4,99;UN (UNIDADE);02102000
SUCUPIRA EM GARRAFA ;2;7898987745228;2,5;9,99;UN (UNIDADE);02102000
SUNDAE MISTA FLOR DA NATA ;0;90;4,42;6,5;UN (UNIDADE);02102000
SUPER SLIMX;2;9788594038425;14;44,99;UN (UNIDADE);02102000
SUSPIRO MINI TRADICIONAL DELICIASSIS 70G;12;7898706370540;3,25;4,99;UN (UNIDADE);02102000
TABLETAO GOIADA;1;7890483580082;12;21;UN (UNIDADE);02102000
TABLETE DE CAJU;0;7890483574487;5,95;8,99;UN (UNIDADE);02102000
TAPIOCA CROCANTE COCO C/ GOIABADA ;3;7895099352962;11;15,99;UN (UNIDADE);02102000
TAPIOCA DA TERRINHA ;13;7898994081630;8,99;11,99;UN (UNIDADE);02102000
TAPIOCA DA TERRINHA 500G;23;7898994081623;4,49;5,99;UN (UNIDADE);02102000
TAPIOCA GRANULADA;5,196;80;8;10,49;KG (QUILO);02102000
TAPIOCA LOPES;3;7898113940299;6,5;9,99;PC (PE�A);02102000
TARECO DE COCO ;3;7898715560666;6,85;9,99;UN (UNIDADE);02102000
TEMPERO ACAFR�O;2,768;28;8,4;19,99;KG (QUILO);02102000
TEMPERO ALHO EM PO;0,692;903;18,4;34,99;KG (QUILO);02102000
TEMPERO ALHO FRITO;1,054;30;24,8;39,99;KG (QUILO);02102000
TEMPERO ALHO,CEBOLA E SALSA;1,038;423;26;44,99;KG (QUILO);02102000
TEMPERO ANA MARIA ;0,718;17;16;39,99;KG (QUILO);02102000
TEMPERO BAIANO ;1;7896118718547;2,7;3,99;UN (UNIDADE);02102000
TEMPERO BAIANO COM PIMENTA ;1,182;134;29;48,99;KG (QUILO);02102000
TEMPERO BAIANO S PIMENTA ;0;85;22,5;48,99;KG (QUILO);02102000
TEMPERO CALDO DE GALINHA;3,11;311;7,4;19,99;KG (QUILO);02102000
TEMPERO CARTELA MISTO;54;31;0,7;1,5;UN (UNIDADE);02102000
TEMPERO CHIMICHURRI COM PIMENTA ;2,228;21;26;44,99;KG (QUILO);02102000
TEMPERO CHIMICHURRI DEFUMADO ;1,718;20;24,6;44,99;KG (QUILO);02102000
TEMPERO CHIMICHURRI SEM PIMENTA;0,616;41;26;44,99;KG (QUILO);02102000
TEMPERO COLORAU ;1,864;25;21,6;39,99;KG (QUILO);02102000
TEMPERO COMINHO ;1,464;107;13;29,99;KG (QUILO);02102000
TEMPERO COMPLETO ;1;7896118718561;2,7;3,99;UN (UNIDADE);02102000
TEMPERO CURRY;0,992;106;12;19,99;KG (QUILO);02102000
TEMPERO DU CHEF;0,98;24;30;44,99;KG (QUILO);02102000
TEMPERO EDU GUEDES ;1,368;18;25;39,99;KG (QUILO);02102000
TEMPERO FUMA�A;1,234;104;18,4;39,99;KG (QUILO);02102000
TEMPERO LEMON PEPPER;1,65;22;19;34,99;KG (QUILO);02102000
TEMPERO MINEIRO ;0,364;19;27;44,99;KG (QUILO);02102000
TEMPERO MINEIRO ;1;7896118718554;2,7;3,99;UN (UNIDADE);02102000
TEMPERO OREGANO;1,202;109;21,8;39,99;KG (QUILO);02102000
TEMPERO PAPRICA DEFUMADA ;1,342;26;11;29,99;KG (QUILO);02102000
TEMPERO PAPRICA DOCE ;1,736;27;9,6;24,99;KG (QUILO);02102000
TEMPERO PAPRICA PICANTE ;1,022;121;10;24,99;KG (QUILO);02102000
TEMPERO PARA FEIJAO;2,134;325;16;34,99;KG (QUILO);02102000
TEMPERO PEGA ESPOSA ;0,226;131;28;49,99;KG (QUILO);02102000
TEMPERO PEGA MARIDO ;1,37;86;25,5;49,99;KG (QUILO);02102000
TEMPERO PIMENTA CALABRESA;0,18;299;17,8;39,99;KG (QUILO);02102000
TEMPERO PIMENTA DO REINO ;0;130;19;39,99;KG (QUILO);02102000
TEMPERO SAL HIMALAIA FINO ;3,372;29;5;9,99;KG (QUILO);02102000
TEMPERO SALSA;1,816;105;21;39,99;KG (QUILO);02102000
TEMPERO TEMPERA TUDO ;1,598;23;24;44,99;KG (QUILO);02102000
TERERE  ABACAXI ;0;7896328227006;12;24,99;UN (UNIDADE);02102000
TERERE BLACK MENTA ;0;7896328299010;11,5;24,99;UN (UNIDADE);02102000
TERERE LIMAO  MENTA;0;7896328200948;11,5;24,99;UN (UNIDADE);02102000
TERERE MENTA ICE ;0;7896328226009;11,5;24,99;UN (UNIDADE);02102000
TERERE PURA FOLHA;0;7896328226016;12;24,99;UN (UNIDADE);02102000
TERERE SABOR ABACAXI LARANJEIRAS;1;7896072382891;12;24,99;UN (UNIDADE);02102000
TIJOLO CASEIRO ;1;7898947627014;6,5;12,99;UN (UNIDADE);02102000
TOUCINHO SALGADO ;0,95;861;5;12,99;KG (QUILO);02102000
TRIBULUS TERRESTRIS EM PO;1,352;395;68;89,99;KG (QUILO);02102000
TRIGO PARA KIBE ;0;103;5,2;8,99;KG (QUILO);02102000
UVA PASSA PRETA ;1,412;120;23,2;39,99;KG (QUILO);02102000
VIAGRON ;1;1807369514051;17;34,99;UN (UNIDADE);02102000
VINAGRE DE FRUTA MA�� ALMORI;3;7898908593310;4,4;9,99;UN (UNIDADE);02102000
VINAGRE DE MACA ALMORI VERDE ;0;7898908593617;13,8;19,99;UN (UNIDADE);02102000
VINAGRE DE MA�A ORGANICO ;2;7898593252646;18;28,99;UN (UNIDADE);02102000
XAROPE VOV�;20;7898042159472;4,5;9,99;UN (UNIDADE);02102000
XEREM DE AMENDOIM;0,832;115;11,6;24,99;KG (QUILO);02102000
;;;;;;
